gross_cumret,net_cumret,buyhold_cumret,turnover
-0.009300249164955532,-0.016694509078253872,-0.05852442671984026,0.2542372881355932
