corr_sent_score_mean_ret_1d,ic_sent_score_mean_fwd_ret_1d,corr_sent_pos_ratio_ret_1d,ic_sent_pos_ratio_fwd_ret_1d,corr_sent_net_ret_1d,ic_sent_net_fwd_ret_1d
0.01626040764946423,0.0021129074127404944,0.04696425372386764,-0.005976399114293663,0.01626040764946423,0.0021129074127404944
